<?xml version="1.0" encoding="utf-8" ?>
<!DOCTYPE article PUBLIC "-//NLM//DTD JATS (Z39.96) Journal Archiving
and Interchange DTD v1.2 20190208//EN" "JATS-archivearticle1.dtd">

<article xmlns:mml="http://www.w3.org/1998/Math/MathML" xmlns:xlink="http://www.w3.org/1999/xlink" dtd-version="1.2" article-type="other">

<front>


<article-meta>


<title-group>
<article-title>Яка машиночитаність потрібна для доступності використання
відкритих даних</article-title>
</title-group>

<contrib-group>
<contrib contrib-type="author" corresp="yes">
<name>
<surname>Кузін</surname>
<given-names>Микола</given-names>
</name>
<string-name>Микола Кузін</string-name>

<email>m.kuzin@brdo.com.ua</email>
<role>Аналітик сектору IT &amp; телеком</role>
<xref ref-type="aff" rid="aff-1">a</xref>
<xref ref-type="corresp" rid="cor-1">&#x002A;</xref>
</contrib>
</contrib-group>
<aff id="aff-1">
<institution-wrap>
<institution>BRDO</institution>
</institution-wrap>







</aff>
<author-notes>
<corresp id="cor-1">m.kuzin@brdo.com.ua</corresp>
</author-notes>









<history></history>


<abstract>
<p>Машиночитаність — це структурованість документа на логічному рівні,
що уможливлює автоматизоване зчитування його структури та змісту. У
сфері відкритих даних цей термін важливо розглядати разом з поняттями
“доступності використання” й “простоти обробки” наборів даних — тобто
приймати до уваги користувацьку перспективу. З точки зору користувача
важлива не лише публікація набору у машиночитаному (структурованому)
форматі, а й дотримання стандартів публікації даних. В цій статті
наводжу аргументи, чому для українських розпорядників назагал
важливішесфокусуватися на користувацькій перспективі й усунути бар’єри
використання наборів, які вже публікуються — й лише після цього (за
потреби) дивитися в бік стандартів W3C і Інтернету Даних.</p>
</abstract>
<kwd-group kwd-group-type="author">
<kwd>машиночитаність</kwd>
<kwd>відкриті дані</kwd>
<kwd>стандарти відкритих даних</kwd>
</kwd-group>




</article-meta>

</front>

<body>
<sec id="відкриті-дані-вільний-доступ-і-доступність-використання">
  <title>1 Відкриті дані: вільний доступ і доступність
  використання</title>
  <p>За визначенням Open Knowledge Foundation —розробників CKAN, на якій
  реалізований український Портал відкритих даних — “відкритість” даних
  полягає в тому, що будь-хто може мати до них вільний доступ, вільно
  використовувати, змінювати та ділитися
  ними<xref ref-type="fn" rid="fn1">1</xref>.</p>
  <p><ext-link ext-link-type="uri" xlink:href="https://aims.gitbook.io/open-data-mooc/unit-1-open-data-principles/lesson-1.1-what-is-open-data#id-5.-challenges">Однак
  “вільний” не завжди значить “відкритий”</ext-link>: часто потрібні
  додаткові кроки, щоби з інформації у вільному доступі зробити дані,
  доступні до використання.</p>
  <p>Доступність використання — важлива категорія. У Постанові КМУ № 835
  принцип “доступності використання” відкритих даних напряму
  пов’язується з машиночитаним форматом оприлюднених даних. А
  машиночитаність — зі структурованістю, що уможливлює обробку без
  участі людини (власне, машинну обробку). У тому ж документі визначено
  перелік структурованих форматів, що використовуються для оприлюднення
  наборів. Сюди відносяться <monospace>.csv</monospace>,
  <monospace>.xls(x)</monospace>, <monospace>.json</monospace>,
  <monospace>.rdf</monospace> та інші.</p>
  <p>Але візьмемо набір даних
  “<ext-link ext-link-type="uri" xlink:href="https://data.gov.ua/dataset/8b9b1677-2407-454a-bfa7-76eb638c0ea1">Єдиний
  звіт про кримінальні правопорушення</ext-link>”, що оприлюднюється
  Генеральною Прокуратурою на Порталі відкритих даних. Цей набір даних
  оприлюднюється у структурованому форматі <monospace>.xlsx</monospace>
  і відтак, відповідно до визначень вище, відповідає принципу
  доступності використання. Втім, заглянуваши всередину опублікованих
  ресурсів (файлів) набору, побачимо, чому про “машиночитаність” та
  “доступність використання” тут можна говорити досить умовно:</p>
  <list list-type="bullet">
    <list-item>
      <p>Всередині однієї вкладки можуть розміщуватися кілька таблиць,
      одна під одною. Розрізнити їх між собою для роботи в середовищі
      розробки “без участі людини” складно.</p>
    </list-item>
    <list-item>
      <p>Самі таблиці використовуються для відображення ієрархічних
      структур даних: для прикладу, за рядком “Усього кримінальних
      правопорушень” слідують рядки з різнорівневими значеннями “з них”.
      Екселівські таблиці — не кращий спосіб відображення даних, що
      мають ієрархічну структуру.</p>
    </list-item>
    <list-item>
      <p>Назви колонок йдуть у кілька рядків, частина цих клітинок злита
      між собою, що далі ускладнює зчитування цих таблиць у середовище
      розробки.</p>
    </list-item>
    <list-item>
      <p>Значення колонок сумуються — це різновид дублювання даних і
      такі рядки треба додатково вичищати.</p>
    </list-item>
  </list>
  <p>На перший погляд маємо суперечність: набір даних опублікований у
  структурованому форматі <monospace>.xlsx</monospace> і тому є
  машиночитаним, але для прочитання в середовищі розробки (для машинної
  обробки) потребує суттєвої участі людини і тому не є
  машиночитаним.</p>
  <p>У Хартії відкритих даних, що описує шість основоположних принципів
  публікації наборів у форматі відкритих даних, ця суперечність
  знімається за умови дотримання третього та четвертого принципів. В
  одному наголошується на важливості використовувати структуровані
  (машиночитані) формати, тоді як інший вказує на необхідність
  дотримуватися “поширених стандартів” публікації даних.</p>
  <p>Перед тим як детальніше сказати про користувацьку перспективу і
  стандарти публікації даних, розглянемо досить спеціальний контекст
  використання поняття машиночитаності — а саме стандарти публікації
  даних W3C. Оскільки і “стандарти публікації даних W3C” і “поширені
  стандарти публікації даних” містять слово “стандарти”, а тексти з
  рекомендаціями стосовно кожного з них містяться на Порталі відкритих
  даних, треба чітко відділити одне від одного.</p>
</sec>
<sec id="стандарти-w3c-і-машиночитаність-як-інтегрованість-набору-в-інтернет-даних">
  <title>2 <bold>Стандарти W3C і машиночитаність як інтегрованість
  набору в Інтернет Даних</bold></title>
  <p>Винахідник мережі Інтернет Тім Бернерс-Лі розповідав, що на
  створення Всесвітньої Мережі його наштовхнули постійні складнощі
  обміну документами між різними користувачами. Оскільки це були в
  основному текстові документи (те, що можна прочитати), звідти маємо
  “гіпер-текстові” (hypertext, HT) посилання, HTTP-протокол,
  HTML-розмітку для структурування веб-сторінок і ще ряд засадничих для
  сьогоднішньої Мережі стандартів та технологій.</p>
  <p>Згодом він написав статтю<xref ref-type="fn" rid="fn2">2</xref>, де
  заявив, що поряд із гіпертекстовою мережею (мережею документів),
  потрібна мережа даних, оскільки даних стає все більше — і всі
  виграють, якщо набори даних будуть пов’язані з іншими релевантними
  наборами по всій Всесвітній Мережі. Він сформулював поняття Linked
  Data, “пов’язаних [лінками] даних”, або “залінкованих даних”. На
  відміну від гіпертекстової мережі, де лінки (посилання) на інші
  документи містяться в тезі <monospace>&lt;a&gt;</monospace> з
  атрибутом <monospace>href</monospace> у HTML-документі, об’єкт мережі
  даних містить посилання на інші об’єкти в RDF-документі.</p>
  <p>Так, якщо розпорядник в Україні, скажімо, КМДА, публікує набір
  даних про парковки в Київі, при дотриманні стандарту RDF (зокрема,
  використанні словників DCAT), цей набір буде залінкований з усіма
  наборами у світі, в яких йдеться про парковки в містах — якщо в них
  дотримані ті ж стандарти. RDF використовує троїсті структури
  (триплети) для опису спостережень:</p>
  <list list-type="order">
    <list-item>
      <p>Тут буде <monospace>суб'єкт</monospace>, конкретне паркомісце в
      Києві зі своїм унікальним на весь Інтернет
      URI-ідентифікатором;</p>
    </list-item>
    <list-item>
      <p><monospace>предикат</monospace>, який описуватиме властивість
      цього суб’єкта — наприклад, “Кількість паркомісць”;</p>
    </list-item>
    <list-item>
      <p><monospace>об'єкт</monospace> — це значення предиката. Скажімо,
      “70” (паркомісць).</p>
    </list-item>
  </list>
  <p>Цей гарний інтерактивний граф з Linked Open Data Cloud показує, яка
  виглядає Інтернет даних, завдяки організаціям, які дотримуються
  стандартів відкритих даних WC3:</p>
  <p>Я навмисно тут дещо заглибився в технічні деталі, щоб показати, що
  робота з RDF-форматом — це не
  просто<xref ref-type="fn" rid="fn3">3</xref>. Для повноцінного
  використання стандартів відкритих даних W3C розпорядникам потрібні
  спеціалісти. На українському Порталі відкритих даних станом на 11
  грудня 2024 року з 841,643 опублікованих ресурсів (файлів), у форматі
  RDF опубліковано лише 25 (двадцять п’ять). При чому усі у 2018 році і
  в одного розпорядника, Державної прикордонної служби.</p>
  <preformat># A tibble: 25 × 2
   mimetype            created                   
   &lt;chr&gt;               &lt;chr&gt;                     
 1 application/rdf+xml 2018-11-01T13:28:03.538971
 2 application/rdf+xml 2018-11-02T09:00:38.201840
 3 application/rdf+xml 2018-11-01T11:14:31.685839
 4 application/rdf+xml 2018-11-05T10:21:52.515944
 5 application/rdf+xml 2018-11-05T10:37:34.390529
 6 application/rdf+xml 2018-11-05T10:39:31.313447
 7 application/rdf+xml 2018-11-02T11:02:25.354277
 8 application/rdf+xml 2018-11-05T10:22:31.868074
 9 application/rdf+xml 2018-11-05T10:41:03.930371
10 application/rdf+xml 2018-11-05T10:23:24.421427
# ℹ 15 more rows</preformat>
</sec>
<sec id="sec-data-methods">
  <title>3 Поширені стандарти публікації даних і увага до
  користувачів</title>
  <p>Перше, що кинулося мені у вічі, коли почав читати
  обговорення<xref ref-type="fn" rid="fn4">4</xref> спільноти відкритих
  даних Сполученого королівства — це уточення <italic>user
  stories</italic>, тобто сценаріїв використання наборів даних різними
  групами користувачів. Цей же підхід є у рекомендованих країною
  стандартах публікації відкритих даних. Для прикладу, є рекомендований
  стандарт публікації табличних
  даних<xref ref-type="fn" rid="fn5">5</xref>, в якому на самому початку
  описані користувачі таких даних:</p>
  <list list-type="bullet">
    <list-item>
      <p>люди, які використовують табличний редактор для базового
      аналізу</p>
    </list-item>
    <list-item>
      <p>аналітики, які використовують дані в статистичних програмах або
      застосунках для бізнес-аналітики для проведення інтерактивного
      аналізу</p>
    </list-item>
    <list-item>
      <p>дата-сайєнтисти, які пишуть програмне забезпечення для аналізу
      даних, яке завантажує та обробляє дані, наприклад, відтворювані
      аналітичні пайплайни</p>
    </list-item>
    <list-item>
      <p>розробники, які обробляють дані в різному програмному
      забезпеченні</p>
    </list-item>
    <list-item>
      <p>люди, яким потрібно швидко шукати релевантні дані перед їх
      аналізом за допомогою спеціалізованих інструментів</p>
    </list-item>
  </list>
  <p>Відповідно, знаючи профілі тих, хто користуватиметься даними,
  стають зрозумілішіми їхні потреби, з яких вже можна сформулювати
  вимоги до публікації самих табличних наборів. За такого підходу
  доступність й простота використання справді стоїть на першому
  місці.</p>
  <p>На противагу, повертаючись до згаданого набору Генпрокуратури,
  єдиною групою користувачів, яку можна уявити розглядаючи набір у його
  поточному стані — це люди, які користуються роздрукуваними листками.
  Втім, сам факт публікації цього набору розпорядником є важливою віхою;
  питання стоїть як цей набір і решту табличних наборів зробити
  зручнішими для використання.</p>
  <p>В Україні є сформульовані рекомендації щодо публікації табличних
  даних, що роблять простішою для користувачів роботу з ними. У пам’ятці
  «Підготовка даних до публікації», розробленої в рамках проекту
  «Прозорість та підзвітність в державному управлінні та послугах» /
  TAPAS, влучно зазначено, що «… найбільш цінними для користувачів є
  саме структуровані та машиночитані дані. Однак із цим типом даних
  традиційно виникає найбільше проблем у розпорядників
  даних»<xref ref-type="fn" rid="fn6">6</xref>. Там же наведені
  конкретні приклади, як виглядають правильні і неправильні таблиці — і
  чому так.</p>
  <p>Крім того, на Порталі відкритих даних є лаконічні рекомендації з
  принципами оприлюднення табличних даних (вони потребують уточнення і
  розширення, щоб справді бути корисними розпорядникам):</p>
  <list list-type="bullet">
    <list-item>
      <p>Таблиця — це впорядкована сукупність колонок та рядків.</p>
    </list-item>
    <list-item>
      <p>Кожен рядок таблиці містить один запис.</p>
    </list-item>
    <list-item>
      <p>Кожна колонка — значення, що змінюються від рядка до рядка.</p>
    </list-item>
    <list-item>
      <p>Назви колонок розміщуються в шапці. # <italic>тут треба ще
      додати, що в одному рядку</italic></p>
    </list-item>
    <list-item>
      <p>На перетині рядків та колонок знаходяться комірки.</p>
    </list-item>
    <list-item>
      <p>Таблиця не може містити заголовків та об’єднаних комірок.</p>
    </list-item>
    <list-item>
      <p>Колір, шрифт, інше форматування тексту та комірок не є
      даними.</p>
    </list-item>
  </list>
  <p>Таким чином, в Україні проблема простоти та доступності
  використання структурованих даних, як бачимо, поставлена, поточна мета
  — засвоєння базових рекомендацій щодо публікацій наборів якомога
  ширшим колом розпорядників.</p>
</sec>
<sec id="висновки">
  <title>4 Висновки</title>
  <p>Візіонерський проєкт Інтернету даних, описаний у стандартах
  відкритих даних W3C, вимагає від ропорядників ресурсів та
  інституційної спроможності для реалізації цих проєктів. Більшість ЦОВВ
  і окремі ОМС в Україні можуть це робити — й отримають більше видимості
  у світі та інтеграції з релевантними для них стейкхолдерами.</p>
  <p>Втім, є прагматичніша ціль, від якої виграють усі користувачі даних
  в Україні — привести ті набори даних, що вже публікуються, у
  відповідність базовим рекомендаціям (стандартам) до публікації
  наборів.</p>
</sec>
</body>

<back>
<fn-group>
  <fn id="fn1">
    <label>1</label><p><ext-link ext-link-type="uri" xlink:href="https://opendefinition.org/od/2.0/ua/">https://opendefinition.org/od/2.0/ua/</ext-link></p>
  </fn>
  <fn id="fn2">
    <label>2</label><p><ext-link ext-link-type="uri" xlink:href="https://www.w3.org/DesignIssues/LinkedData.html">https://www.w3.org/DesignIssues/LinkedData.html</ext-link></p>
  </fn>
  <fn id="fn3">
    <label>3</label><p>Це лагідний вступ до роботи з RDF (на мові R)
    <ext-link ext-link-type="uri" xlink:href="https://cran.r-project.org/web/packages/rdflib/vignettes/rdf_intro.html">https://cran.r-project.org/web/packages/rdflib/vignettes/rdf_intro.html</ext-link></p>
  </fn>
  <fn id="fn4">
    <label>4</label><p><ext-link ext-link-type="uri" xlink:href="https://github.com/co-cddo/open-standards/issues/40">https://github.com/co-cddo/open-standards/issues/40</ext-link></p>
  </fn>
  <fn id="fn5">
    <label>5</label><p><ext-link ext-link-type="uri" xlink:href="https://www.gov.uk/government/publications/recommended-open-standards-for-government/tabular-data-standard">https://www.gov.uk/government/publications/recommended-open-standards-for-government/tabular-data-standard</ext-link></p>
  </fn>
  <fn id="fn6">
    <label>6</label><p><ext-link ext-link-type="uri" xlink:href="https://data.gov.ua/uploads/files/2018-08-11-104337.710875Part04.pdf">https://data.gov.ua/uploads/files/2018-08-11-104337.710875Part04.pdf</ext-link></p>
  </fn>
</fn-group>
</back>

<sub-article article-type="notebook" id="nb-4-nb-article">
<front-stub>
<title-group>
<article-title>Яка машиночитаність потрібна для доступності використання
відкритих даних</article-title>
</title-group>
<contrib-group>
<contrib contrib-type="author" corresp="yes">
<name>
<surname>Кузін</surname>
<given-names>Микола</given-names>
</name>
<string-name>Микола Кузін</string-name>

<email>m.kuzin@brdo.com.ua</email>
<role>Аналітик сектору IT &amp; телеком</role>
<xref ref-type="aff" rid="aff-1-nb-article">a</xref>
<xref ref-type="corresp" rid="cor-1-nb-article">&#x002A;</xref>
</contrib>
</contrib-group>
<aff id="aff-1-nb-article">
<institution-wrap>
<institution>BRDO</institution>
</institution-wrap>







</aff>
<author-notes>
<corresp id="cor-1-nb-article">m.kuzin@brdo.com.ua</corresp>
</author-notes>
<abstract>
<p>Машиночитаність — це структурованість документа на логічному рівні,
що уможливлює автоматизоване зчитування його структури та змісту. У
сфері відкритих даних цей термін важливо розглядати разом з поняттями
“доступності використання” й “простоти обробки” наборів даних — тобто
приймати до уваги користувацьку перспективу. З точки зору користувача
важлива не лише публікація набору у машиночитаному (структурованому)
форматі, а й дотримання стандартів публікації даних. В цій статті
наводжу аргументи, чому для українських розпорядників назагал
важливішесфокусуватися на користувацькій перспективі й усунути бар’єри
використання наборів, які вже публікуються — й лише після цього (за
потреби) дивитися в бік стандартів W3C і Інтернету Даних.</p>
</abstract>
</front-stub>

<body>
<sec id="відкриті-дані-вільний-доступ-і-доступність-використання-nb-article">
  <title>1 Відкриті дані: вільний доступ і доступність
  використання</title>
  <p>За визначенням Open Knowledge Foundation —розробників CKAN, на якій
  реалізований український Портал відкритих даних — “відкритість” даних
  полягає в тому, що будь-хто може мати до них вільний доступ, вільно
  використовувати, змінювати та ділитися
  ними<xref ref-type="fn" rid="fn1-nb-article">1</xref>.</p>
  <p><ext-link ext-link-type="uri" xlink:href="https://aims.gitbook.io/open-data-mooc/unit-1-open-data-principles/lesson-1.1-what-is-open-data#id-5.-challenges">Однак
  “вільний” не завжди значить “відкритий”</ext-link>: часто потрібні
  додаткові кроки, щоби з інформації у вільному доступі зробити дані,
  доступні до використання.</p>
  <p>Доступність використання — важлива категорія. У Постанові КМУ № 835
  принцип “доступності використання” відкритих даних напряму
  пов’язується з машиночитаним форматом оприлюднених даних. А
  машиночитаність — зі структурованістю, що уможливлює обробку без
  участі людини (власне, машинну обробку). У тому ж документі визначено
  перелік структурованих форматів, що використовуються для оприлюднення
  наборів. Сюди відносяться <monospace>.csv</monospace>,
  <monospace>.xls(x)</monospace>, <monospace>.json</monospace>,
  <monospace>.rdf</monospace> та інші.</p>
  <p>Але візьмемо набір даних
  “<ext-link ext-link-type="uri" xlink:href="https://data.gov.ua/dataset/8b9b1677-2407-454a-bfa7-76eb638c0ea1">Єдиний
  звіт про кримінальні правопорушення</ext-link>”, що оприлюднюється
  Генеральною Прокуратурою на Порталі відкритих даних. Цей набір даних
  оприлюднюється у структурованому форматі <monospace>.xlsx</monospace>
  і відтак, відповідно до визначень вище, відповідає принципу
  доступності використання. Втім, заглянуваши всередину опублікованих
  ресурсів (файлів) набору, побачимо, чому про “машиночитаність” та
  “доступність використання” тут можна говорити досить умовно:</p>
  <list list-type="bullet">
    <list-item>
      <p>Всередині однієї вкладки можуть розміщуватися кілька таблиць,
      одна під одною. Розрізнити їх між собою для роботи в середовищі
      розробки “без участі людини” складно.</p>
    </list-item>
    <list-item>
      <p>Самі таблиці використовуються для відображення ієрархічних
      структур даних: для прикладу, за рядком “Усього кримінальних
      правопорушень” слідують рядки з різнорівневими значеннями “з них”.
      Екселівські таблиці — не кращий спосіб відображення даних, що
      мають ієрархічну структуру.</p>
    </list-item>
    <list-item>
      <p>Назви колонок йдуть у кілька рядків, частина цих клітинок злита
      між собою, що далі ускладнює зчитування цих таблиць у середовище
      розробки.</p>
    </list-item>
    <list-item>
      <p>Значення колонок сумуються — це різновид дублювання даних і
      такі рядки треба додатково вичищати.</p>
    </list-item>
  </list>
  <p>На перший погляд маємо суперечність: набір даних опублікований у
  структурованому форматі <monospace>.xlsx</monospace> і тому є
  машиночитаним, але для прочитання в середовищі розробки (для машинної
  обробки) потребує суттєвої участі людини і тому не є
  машиночитаним.</p>
  <p>У Хартії відкритих даних, що описує шість основоположних принципів
  публікації наборів у форматі відкритих даних, ця суперечність
  знімається за умови дотримання третього та четвертого принципів. В
  одному наголошується на важливості використовувати структуровані
  (машиночитані) формати, тоді як інший вказує на необхідність
  дотримуватися “поширених стандартів” публікації даних.</p>
  <p>Перед тим як детальніше сказати про користувацьку перспективу і
  стандарти публікації даних, розглянемо досить спеціальний контекст
  використання поняття машиночитаності — а саме стандарти публікації
  даних W3C. Оскільки і “стандарти публікації даних W3C” і “поширені
  стандарти публікації даних” містять слово “стандарти”, а тексти з
  рекомендаціями стосовно кожного з них містяться на Порталі відкритих
  даних, треба чітко відділити одне від одного.</p>
</sec>
<sec id="стандарти-w3c-і-машиночитаність-як-інтегрованість-набору-в-інтернет-даних-nb-article">
  <title>2 <bold>Стандарти W3C і машиночитаність як інтегрованість
  набору в Інтернет Даних</bold></title>
  <p>Винахідник мережі Інтернет Тім Бернерс-Лі розповідав, що на
  створення Всесвітньої Мережі його наштовхнули постійні складнощі
  обміну документами між різними користувачами. Оскільки це були в
  основному текстові документи (те, що можна прочитати), звідти маємо
  “гіпер-текстові” (hypertext, HT) посилання, HTTP-протокол,
  HTML-розмітку для структурування веб-сторінок і ще ряд засадничих для
  сьогоднішньої Мережі стандартів та технологій.</p>
  <p>Згодом він написав статтю<xref ref-type="fn" rid="fn2-nb-article">2</xref>, де
  заявив, що поряд із гіпертекстовою мережею (мережею документів),
  потрібна мережа даних, оскільки даних стає все більше — і всі
  виграють, якщо набори даних будуть пов’язані з іншими релевантними
  наборами по всій Всесвітній Мережі. Він сформулював поняття Linked
  Data, “пов’язаних [лінками] даних”, або “залінкованих даних”. На
  відміну від гіпертекстової мережі, де лінки (посилання) на інші
  документи містяться в тезі <monospace>&lt;a&gt;</monospace> з
  атрибутом <monospace>href</monospace> у HTML-документі, об’єкт мережі
  даних містить посилання на інші об’єкти в RDF-документі.</p>
  <p>Так, якщо розпорядник в Україні, скажімо, КМДА, публікує набір
  даних про парковки в Київі, при дотриманні стандарту RDF (зокрема,
  використанні словників DCAT), цей набір буде залінкований з усіма
  наборами у світі, в яких йдеться про парковки в містах — якщо в них
  дотримані ті ж стандарти. RDF використовує троїсті структури
  (триплети) для опису спостережень:</p>
  <list list-type="order">
    <list-item>
      <p>Тут буде <monospace>суб'єкт</monospace>, конкретне паркомісце в
      Києві зі своїм унікальним на весь Інтернет
      URI-ідентифікатором;</p>
    </list-item>
    <list-item>
      <p><monospace>предикат</monospace>, який описуватиме властивість
      цього суб’єкта — наприклад, “Кількість паркомісць”;</p>
    </list-item>
    <list-item>
      <p><monospace>об'єкт</monospace> — це значення предиката. Скажімо,
      “70” (паркомісць).</p>
    </list-item>
  </list>
  <p>Цей гарний інтерактивний граф з Linked Open Data Cloud показує, яка
  виглядає Інтернет даних, завдяки організаціям, які дотримуються
  стандартів відкритих даних WC3:</p>
  <p>Я навмисно тут дещо заглибився в технічні деталі, щоб показати, що
  робота з RDF-форматом — це не
  просто<xref ref-type="fn" rid="fn3-nb-article">3</xref>. Для повноцінного
  використання стандартів відкритих даних W3C розпорядникам потрібні
  спеціалісти. На українському Порталі відкритих даних станом на 11
  грудня 2024 року з 841,643 опублікованих ресурсів (файлів), у форматі
  RDF опубліковано лише 25 (двадцять п’ять). При чому усі у 2018 році і
  в одного розпорядника, Державної прикордонної служби.</p>
  <sec specific-use="notebook-content">
  <code language="r script">library(ckanr)</code>
  <boxed-text>
    <preformat>Loading required package: DBI</preformat>
  </boxed-text>
  <code language="r script">library(tidyverse)</code>
  <boxed-text>
    <preformat>── Attaching core tidyverse packages ──────────────────────── tidyverse 2.0.0 ──
✔ dplyr     1.1.4     ✔ readr     2.1.5
✔ forcats   1.0.0     ✔ stringr   1.5.1
✔ ggplot2   3.5.1     ✔ tibble    3.2.1
✔ lubridate 1.9.3     ✔ tidyr     1.3.1
✔ purrr     1.0.2     </preformat>
  </boxed-text>
  <boxed-text>
    <preformat>── Conflicts ────────────────────────────────────────── tidyverse_conflicts() ──
✖ dplyr::changes() masks ckanr::changes()
✖ dplyr::filter()  masks stats::filter()
✖ dplyr::lag()     masks stats::lag()
ℹ Use the conflicted package (&lt;http://conflicted.r-lib.org/&gt;) to force all conflicts to become errors</preformat>
  </boxed-text>
  <code language="r script">resource_search(url = &quot;https://data.gov.ua&quot;, 
                q = &quot;mimetype:rdf&quot;, 
                limit = c(), 
                as = 'table') |&gt; 
  as_tibble() |&gt; 
  unnest_wider(results) |&gt; 
  select(mimetype, created)</code>
  <boxed-text>
    <preformat># A tibble: 25 × 2
   mimetype            created                   
   &lt;chr&gt;               &lt;chr&gt;                     
 1 application/rdf+xml 2018-11-01T13:28:03.538971
 2 application/rdf+xml 2018-11-02T09:00:38.201840
 3 application/rdf+xml 2018-11-01T11:14:31.685839
 4 application/rdf+xml 2018-11-05T10:21:52.515944
 5 application/rdf+xml 2018-11-05T10:37:34.390529
 6 application/rdf+xml 2018-11-05T10:39:31.313447
 7 application/rdf+xml 2018-11-02T11:02:25.354277
 8 application/rdf+xml 2018-11-05T10:22:31.868074
 9 application/rdf+xml 2018-11-05T10:41:03.930371
10 application/rdf+xml 2018-11-05T10:23:24.421427
# ℹ 15 more rows</preformat>
  </boxed-text>
  </sec>
</sec>
<sec id="sec-data-methods-nb-article">
  <title>3 Поширені стандарти публікації даних і увага до
  користувачів</title>
  <p>Перше, що кинулося мені у вічі, коли почав читати
  обговорення<xref ref-type="fn" rid="fn4-nb-article">4</xref> спільноти відкритих
  даних Сполученого королівства — це уточення <italic>user
  stories</italic>, тобто сценаріїв використання наборів даних різними
  групами користувачів. Цей же підхід є у рекомендованих країною
  стандартах публікації відкритих даних. Для прикладу, є рекомендований
  стандарт публікації табличних
  даних<xref ref-type="fn" rid="fn5-nb-article">5</xref>, в якому на самому початку
  описані користувачі таких даних:</p>
  <list list-type="bullet">
    <list-item>
      <p>люди, які використовують табличний редактор для базового
      аналізу</p>
    </list-item>
    <list-item>
      <p>аналітики, які використовують дані в статистичних програмах або
      застосунках для бізнес-аналітики для проведення інтерактивного
      аналізу</p>
    </list-item>
    <list-item>
      <p>дата-сайєнтисти, які пишуть програмне забезпечення для аналізу
      даних, яке завантажує та обробляє дані, наприклад, відтворювані
      аналітичні пайплайни</p>
    </list-item>
    <list-item>
      <p>розробники, які обробляють дані в різному програмному
      забезпеченні</p>
    </list-item>
    <list-item>
      <p>люди, яким потрібно швидко шукати релевантні дані перед їх
      аналізом за допомогою спеціалізованих інструментів</p>
    </list-item>
  </list>
  <p>Відповідно, знаючи профілі тих, хто користуватиметься даними,
  стають зрозумілішіми їхні потреби, з яких вже можна сформулювати
  вимоги до публікації самих табличних наборів. За такого підходу
  доступність й простота використання справді стоїть на першому
  місці.</p>
  <p>На противагу, повертаючись до згаданого набору Генпрокуратури,
  єдиною групою користувачів, яку можна уявити розглядаючи набір у його
  поточному стані — це люди, які користуються роздрукуваними листками.
  Втім, сам факт публікації цього набору розпорядником є важливою віхою;
  питання стоїть як цей набір і решту табличних наборів зробити
  зручнішими для використання.</p>
  <p>В Україні є сформульовані рекомендації щодо публікації табличних
  даних, що роблять простішою для користувачів роботу з ними. У пам’ятці
  «Підготовка даних до публікації», розробленої в рамках проекту
  «Прозорість та підзвітність в державному управлінні та послугах» /
  TAPAS, влучно зазначено, що «… найбільш цінними для користувачів є
  саме структуровані та машиночитані дані. Однак із цим типом даних
  традиційно виникає найбільше проблем у розпорядників
  даних»<xref ref-type="fn" rid="fn6-nb-article">6</xref>. Там же наведені
  конкретні приклади, як виглядають правильні і неправильні таблиці — і
  чому так.</p>
  <p>Крім того, на Порталі відкритих даних є лаконічні рекомендації з
  принципами оприлюднення табличних даних (вони потребують уточнення і
  розширення, щоб справді бути корисними розпорядникам):</p>
  <list list-type="bullet">
    <list-item>
      <p>Таблиця — це впорядкована сукупність колонок та рядків.</p>
    </list-item>
    <list-item>
      <p>Кожен рядок таблиці містить один запис.</p>
    </list-item>
    <list-item>
      <p>Кожна колонка — значення, що змінюються від рядка до рядка.</p>
    </list-item>
    <list-item>
      <p>Назви колонок розміщуються в шапці. # <italic>тут треба ще
      додати, що в одному рядку</italic></p>
    </list-item>
    <list-item>
      <p>На перетині рядків та колонок знаходяться комірки.</p>
    </list-item>
    <list-item>
      <p>Таблиця не може містити заголовків та об’єднаних комірок.</p>
    </list-item>
    <list-item>
      <p>Колір, шрифт, інше форматування тексту та комірок не є
      даними.</p>
    </list-item>
  </list>
  <p>Таким чином, в Україні проблема простоти та доступності
  використання структурованих даних, як бачимо, поставлена, поточна мета
  — засвоєння базових рекомендацій щодо публікацій наборів якомога
  ширшим колом розпорядників.</p>
</sec>
<sec id="висновки-nb-article">
  <title>4 Висновки</title>
  <p>Візіонерський проєкт Інтернету даних, описаний у стандартах
  відкритих даних W3C, вимагає від ропорядників ресурсів та
  інституційної спроможності для реалізації цих проєктів. Більшість ЦОВВ
  і окремі ОМС в Україні можуть це робити — й отримають більше видимості
  у світі та інтеграції з релевантними для них стейкхолдерами.</p>
  <p>Втім, є прагматичніша ціль, від якої виграють усі користувачі даних
  в Україні — привести ті набори даних, що вже публікуються, у
  відповідність базовим рекомендаціям (стандартам) до публікації
  наборів.</p>
</sec>
</body>



<back>
<fn-group>
  <fn id="fn1-nb-article">
    <label>1</label><p><ext-link ext-link-type="uri" xlink:href="https://opendefinition.org/od/2.0/ua/">https://opendefinition.org/od/2.0/ua/</ext-link></p>
  </fn>
  <fn id="fn2-nb-article">
    <label>2</label><p><ext-link ext-link-type="uri" xlink:href="https://www.w3.org/DesignIssues/LinkedData.html">https://www.w3.org/DesignIssues/LinkedData.html</ext-link></p>
  </fn>
  <fn id="fn3-nb-article">
    <label>3</label><p>Це лагідний вступ до роботи з RDF (на мові R)
    <ext-link ext-link-type="uri" xlink:href="https://cran.r-project.org/web/packages/rdflib/vignettes/rdf_intro.html">https://cran.r-project.org/web/packages/rdflib/vignettes/rdf_intro.html</ext-link></p>
  </fn>
  <fn id="fn4-nb-article">
    <label>4</label><p><ext-link ext-link-type="uri" xlink:href="https://github.com/co-cddo/open-standards/issues/40">https://github.com/co-cddo/open-standards/issues/40</ext-link></p>
  </fn>
  <fn id="fn5-nb-article">
    <label>5</label><p><ext-link ext-link-type="uri" xlink:href="https://www.gov.uk/government/publications/recommended-open-standards-for-government/tabular-data-standard">https://www.gov.uk/government/publications/recommended-open-standards-for-government/tabular-data-standard</ext-link></p>
  </fn>
  <fn id="fn6-nb-article">
    <label>6</label><p><ext-link ext-link-type="uri" xlink:href="https://data.gov.ua/uploads/files/2018-08-11-104337.710875Part04.pdf">https://data.gov.ua/uploads/files/2018-08-11-104337.710875Part04.pdf</ext-link></p>
  </fn>
</fn-group>
</back>


</sub-article>

</article>